{
  "project_info": {
    "project_number": "928223879208",
    "project_id": "online-doctor-e3a25",
    "storage_bucket": "online-doctor-e3a25.appspot.com"
  },
  "client": [
    {
      "client_info": {
        "mobilesdk_app_id": "1:928223879208:android:bd62a97ea3fd7f0d03951d",
        "android_client_info": {
          "package_name": "com.javahelps.onlinedoctor"
        }
      },
      "oauth_client": [
        {
          "client_id": "928223879208-vdl2be707tloako3fjln91aui418tve5.apps.googleusercontent.com",
          "client_type": 3
        }
      ],
      "api_key": [
        {
          "current_key": "AIzaSyCPPFAt8RKqAAFp1vmprK0SzVWGImQw1fY"
        }
      ],
      "services": {
        "appinvite_service": {
          "other_platform_oauth_client": [
            {
              "client_id": "928223879208-vdl2be707tloako3fjln91aui418tve5.apps.googleusercontent.com",
              "client_type": 3
            }
          ]
        }
      }
    }
  ],
  "configuration_version": "1"
}